"","Year 1 CESD proportion","Year 2 CESD proportion"
"1",0.265281173594132,0.251833740831296
